	mean_fit_time	std_fit_time	mean_score_time	std_score_time	param_classify__metric	param_reduce_dim	param_reduce_dim__metric	param_reduce_dim__n_components	param_reduce_dim__set_op_mix_ratio	param_vectorize__min_df	params	split0_test_score	split1_test_score	split2_test_score	split3_test_score	split4_test_score	split5_test_score	split6_test_score	split7_test_score	split8_test_score	split9_test_score	mean_test_score	std_test_score	rank_test_score	data_frac	contamination	seed
2	398.11825573444366	30.236901367219385	148.53928747177125	6.003656638744886	euclidean	UMAP(n_components=90, random_state=42, set_op_mix_ratio=0.0)	euclidean	90	0.0	25	{'classify__metric': 'euclidean', 'reduce_dim': UMAP(n_components=90, random_state=42, set_op_mix_ratio=0.0), 'reduce_dim__metric': 'euclidean', 'reduce_dim__n_components': 90, 'reduce_dim__set_op_mix_ratio': 0.0, 'vectorize__min_df': 25}	0.9923727066584209	0.9993858751279427	0.9981553597048575	0.9985658676500717	0.9987709954936501	0.9983606557377049	0.9995906672124437	0.9987709954936501	0.9995904995904996	0.9989756197500512	0.9982539242419293	0.002015374246628604	1	0.4	0.1	42
1	332.92796862125397	5.435225358897121	147.91332445144653	1.4160711412478137	euclidean	UMAP(n_components=90, random_state=42, set_op_mix_ratio=0.0)	euclidean	60	0.0	25	{'classify__metric': 'euclidean', 'reduce_dim': UMAP(n_components=90, random_state=42, set_op_mix_ratio=0.0), 'reduce_dim__metric': 'euclidean', 'reduce_dim__n_components': 60, 'reduce_dim__set_op_mix_ratio': 0.0, 'vectorize__min_df': 25}	0.9814544696811837	0.9971276159212146	0.9991809991809992	0.9960977613472992	0.9973333333333333	0.9981553597048575	0.9977445150707402	0.9967159277504105	0.9946502057613169	0.998359983599836	0.9956820171351193	0.004892155533684233	2	0.4	0.1	42
0	280.9123426198959	8.345379793290668	149.40636916160582	6.5754173883611395	euclidean	UMAP(n_components=90, random_state=42, set_op_mix_ratio=0.0)	euclidean	30	0.0	25	{'classify__metric': 'euclidean', 'reduce_dim': UMAP(n_components=90, random_state=42, set_op_mix_ratio=0.0), 'reduce_dim__metric': 'euclidean', 'reduce_dim__n_components': 30, 'reduce_dim__set_op_mix_ratio': 0.0, 'vectorize__min_df': 25}	0.8943677900927391	0.9854711498547115	0.9863127333056823	0.9894562745503411	0.9795407098121085	0.9890382626680455	0.9842061512884456	0.9774058577405857	0.9915376676986585	0.9822953551343471	0.9759631952145666	0.027520595031923084	3	0.4	0.1	42
