	mean_fit_time	std_fit_time	mean_score_time	std_score_time	param_reduce_dim__metric	param_reduce_dim__n_components	param_reduce_dim__set_op_mix_ratio	params	split0_test_score	split1_test_score	split2_test_score	mean_test_score	std_test_score	rank_test_score
2	104.92350308100383	2.067183104151698	102.53774046897888	3.4508247204801332	hellinger	50	0.1	{'reduce_dim__metric': 'hellinger', 'reduce_dim__n_components': 50, 'reduce_dim__set_op_mix_ratio': 0.1}	0.21567648527209188	0.21953028430160695	0.1891823899371069	0.20812971983693526	0.013489846168870119	1
4	137.327819108963	1.8096923375738534	103.82338794072469	0.9669744699765306	hellinger	100	0.1	{'reduce_dim__metric': 'hellinger', 'reduce_dim__n_components': 100, 'reduce_dim__set_op_mix_ratio': 0.1}	0.21798091411351078	0.22173166544027473	0.18442932728647013	0.2080473022800852	0.016770481825280115	2
0	100.33001446723938	0.6737780157575846	112.35723956425984	0.3829761780414893	hellinger	20	0.1	{'reduce_dim__metric': 'hellinger', 'reduce_dim__n_components': 20, 'reduce_dim__set_op_mix_ratio': 0.1}	0.21585244267198406	0.2197100024576063	0.18557740796772562	0.20704661769910535	0.015262490332891052	3
3	113.8317322731018	1.135856397475286	102.1385559240977	0.5212665736353659	hellinger	50	0.18	{'reduce_dim__metric': 'hellinger', 'reduce_dim__n_components': 50, 'reduce_dim__set_op_mix_ratio': 0.18}	0.16140713916192448	0.16931759876859928	0.14214789652469298	0.15762421148507225	0.011409968926684324	4
1	92.94665026664734	7.593403852660633	104.6968765258789	5.838831833129293	hellinger	20	0.18	{'reduce_dim__metric': 'hellinger', 'reduce_dim__n_components': 20, 'reduce_dim__set_op_mix_ratio': 0.18}	0.15243583027763227	0.16692426584234932	0.1409483887870055	0.15343616163566237	0.010628171505264617	5
5	136.8617448012034	8.123174836894165	97.89679185549419	4.880899763181676	hellinger	100	0.18	{'reduce_dim__metric': 'hellinger', 'reduce_dim__n_components': 100, 'reduce_dim__set_op_mix_ratio': 0.18}	0.14492753623188404	0.16512820512820514	0.14789828749351322	0.15265134295120078	0.008905444331141448	6
