	contamination	dim_reducer	doc2vec_data_frac	doc2vec_epochs	doc2vec_min_count	f1_macro	fraction	in_f1	model_name	model_path	model_train_data	model_type	out_f1	out_prec	out_rec	outlier_detector	seed	time
0	0.1	<eval_cluster_config.NoReduction object at 0x7f2ccdd4fef0>	1.0	100.0	1.0	0.4994123716355954	1.0	0.8955030798778	doc2vec_wiki_all	/home/philipp/projects/dad4td/models/enwiki_dbow/doc2vec.bin	wiki_EN	doc2vec	0.10332166339339081	0.10784313725490197	0.09916407146369448	HBOS	42.0	2.8981717020215
1	0.1	<eval_cluster_config.NoReduction object at 0x7f2ccdd4fef0>	1.0	100.0	1.0	0.5004611220235601	1.0	0.8957220049556677	doc2vec_wiki_all	/home/philipp/projects/dad4td/models/enwiki_dbow/doc2vec.bin	wiki_EN	doc2vec	0.10520023909145249	0.10980392156862745	0.1009670545812162	iForest	42.0	16.273281294998014
2	0.1	<eval_cluster_config.NoReduction object at 0x7f2ccdd4fef0>	1.0	100.0	1.0	0.5837891073945705	1.0	0.9131165975062444	doc2vec_wiki_all	/home/philipp/projects/dad4td/models/enwiki_dbow/doc2vec.bin	wiki_EN	doc2vec	0.25446161728289646	0.26559714795008915	0.2442222586461236	LOF	42.0	1528.4952986710123
3	0.1	<eval_cluster_config.NoReduction object at 0x7f2ccdd4fef0>	1.0	100.0	1.0	0.5057048739633834	1.0	0.896816630345006	doc2vec_wiki_all	/home/philipp/projects/dad4td/models/enwiki_dbow/doc2vec.bin	wiki_EN	doc2vec	0.11459311758176075	0.11960784313725491	0.10998197016882479	OCSVM	42.0	1570.5351587400073
4	0.1	<eval_cluster_config.NoReduction object at 0x7f2ccdd4fef0>	1.0	100.0	1.0	0.49922168974687464	1.0	0.8954632753181878	doc2vec_wiki_all	/home/philipp/projects/dad4td/models/enwiki_dbow/doc2vec.bin	wiki_EN	doc2vec	0.10298010417556144	0.10748663101604278	0.0988362563514178	PCA	42.0	3.870672616001684
